0,230,235,240,245,250,255,260,265,270,275,280,285,290,295,300,305,310,315,320,325,330,335,340,345,350,355,360,365,370,375,380,385,390,395,400,405,410,415,420,425,430,435,440,445,450,455,460,465,470,475,480,485,490,495,500,505,510,515,520,525,530,535,540,545,550,555,560,565,570,575,580,585,590,595,600
250,0.236656,0.280918,1.6613,0,0,0,0,0,0,0,0,0,0,0,0,0,0,0,0,0,0,0,0,0,0,0,0,0,0,0,0,0,0,0,0,0,0,0,0,0,0,0,0,0,0,0,0,0,0,0,0,0,0,0,0,0,0,0,0,0,0,0,0,0,0,0,0,0,0,0,0,0,0,0,0
255,0.194133,0.27241,0.253693,1.40167,0,0,0,0,0,0,0,0,0,0,0,0,0,0,0,0,0,0,0,0,0,0,0,0,0,0,0,0,0,0,0,0,0,0,0,0,0,0,0,0,0,0,0,0,0,0,0,0,0,0,0,0,0,0,0,0,0,0,0,0,0,0,0,0,0,0,0,0,0,0,0
260,0.30221,0.278743,0.223965,0.276613,1.58114,0,0,0,0,0,0,0,0,0,0,0,0,0,0,0,0,0,0,0,0,0,0,0,0,0,0,0,0,0,0,0,0,0,0,0,0,0,0,0,0,0,0,0,0,0,0,0,0,0,0,0,0,0,0,0,0,0,0,0,0,0,0,0,0,0,0,0,0,0,0
265,0.271799,0.2465,0.228733,0.2517,0.278257,1.37492,0,0,0,0,0,0,0,0,0,0,0,0,0,0,0,0,0,0,0,0,0,0,0,0,0,0,0,0,0,0,0,0,0,0,0,0,0,0,0,0,0,0,0,0,0,0,0,0,0,0,0,0,0,0,0,0,0,0,0,0,0,0,0,0,0,0,0,0,0
270,0.286873,0.18201,0.152212,0.21312,0.250362,0.250488,1.12378,0,0,0,0,0,0,0,0,0,0,0,0,0,0,0,0,0,0,0,0,0,0,0,0,0,0,0,0,0,0,0,0,0,0,0,0,0,0,0,0,0,0,0,0,0,0,0,0,0,0,0,0,0,0,0,0,0,0,0,0,0,0,0,0,0,0,0,0
275,0.380251,0.216675,0.203434,0.186787,0.183649,0.232657,0.276955,0.875948,0,0,0,0,0,0,0,0,0,0,0,0,0,0,0,0,0,0,0,0,0,0,0,0,0,0,0,0,0,0,0,0,0,0,0,0,0,0,0,0,0,0,0,0,0,0,0,0,0,0,0,0,0,0,0,0,0,0,0,0,0,0,0,0,0,0,0
280,0.425148,0.298931,0.181065,0.220239,0.205183,0.222962,0.246725,0.295592,0.842951,0,0,0,0,0,0,0,0,0,0,0,0,0,0,0,0,0,0,0,0,0,0,0,0,0,0,0,0,0,0,0,0,0,0,0,0,0,0,0,0,0,0,0,0,0,0,0,0,0,0,0,0,0,0,0,0,0,0,0,0,0,0,0,0,0,0
285,0.721487,0.463109,0.34248,0.229055,0.232293,0.312217,0.496043,0.69281,0.974316,1.66102,0,0,0,0,0,0,0,0,0,0,0,0,0,0,0,0,0,0,0,0,0,0,0,0,0,0,0,0,0,0,0,0,0,0,0,0,0,0,0,0,0,0,0,0,0,0,0,0,0,0,0,0,0,0,0,0,0,0,0,0,0,0,0,0,0
290,1.41447,0.940822,0.702137,0.420607,0.403367,0.678128,1.23543,2.03806,2.96713,3.83613,4.64685,0,0,0,0,0,0,0,0,0,0,0,0,0,0,0,0,0,0,0,0,0,0,0,0,0,0,0,0,0,0,0,0,0,0,0,0,0,0,0,0,0,0,0,0,0,0,0,0,0,0,0,0,0,0,0,0,0,0,0,0,0,0,0,0
295,2.14985,1.51148,1.15766,0.68884,0.599618,1.10295,2.1096,3.46049,5.11852,6.48592,7.07734,6.99741,0,0,0,0,0,0,0,0,0,0,0,0,0,0,0,0,0,0,0,0,0,0,0,0,0,0,0,0,0,0,0,0,0,0,0,0,0,0,0,0,0,0,0,0,0,0,0,0,0,0,0,0,0,0,0,0,0,0,0,0,0,0,0
300,2.70709,2.04781,1.55901,0.912399,0.82424,1.50855,2.8485,4.70258,6.90441,9.0121,9.97297,9.29961,6.41505,0,0,0,0,0,0,0,0,0,0,0,0,0,0,0,0,0,0,0,0,0,0,0,0,0,0,0,0,0,0,0,0,0,0,0,0,0,0,0,0,0,0,0,0,0,0,0,0,0,0,0,0,0,0,0,0,0,0,0,0,0,0
305,3.06937,2.46492,1.84164,1.16231,1.10666,1.99425,3.73361,6.0012,8.64687,11.2238,12.8574,12.5521,9.63023,6.60391,0,0,0,0,0,0,0,0,0,0,0,0,0,0,0,0,0,0,0,0,0,0,0,0,0,0,0,0,0,0,0,0,0,0,0,0,0,0,0,0,0,0,0,0,0,0,0,0,0,0,0,0,0,0,0,0,0,0,0,0,0
310,3.37008,2.69529,2.06325,1.31541,1.38106,2.60921,4.72077,7.32562,10.3503,13.3852,15.6605,16.2405,14.7653,12.3714,11.9549,0,0,0,0,0,0,0,0,0,0,0,0,0,0,0,0,0,0,0,0,0,0,0,0,0,0,0,0,0,0,0,0,0,0,0,0,0,0,0,0,0,0,0,0,0,0,0,0,0,0,0,0,0,0,0,0,0,0,0,0
315,3.39599,2.80219,2.14169,1.42721,1.6115,3.01896,5.41664,8.04949,11.1069,14.2293,16.8289,18.2475,18.4021,17.6336,17.1001,12.4106,0,0,0,0,0,0,0,0,0,0,0,0,0,0,0,0,0,0,0,0,0,0,0,0,0,0,0,0,0,0,0,0,0,0,0,0,0,0,0,0,0,0,0,0,0,0,0,0,0,0,0,0,0,0,0,0,0,0,0
320,3.18097,2.68354,2.04054,1.43788,1.71577,3.21001,5.61875,8.08066,10.8441,13.7368,16.402,18.4119,19.8411,20.4814,20.2645,14.6128,5.90697,0,0,0,0,0,0,0,0,0,0,0,0,0,0,0,0,0,0,0,0,0,0,0,0,0,0,0,0,0,0,0,0,0,0,0,0,0,0,0,0,0,0,0,0,0,0,0,0,0,0,0,0,0,0,0,0,0,0
325,3.04539,2.40627,1.79617,1.40296,1.70252,3.21297,5.44674,7.69008,10.0829,12.5451,15.1174,17.4012,19.6547,21.328,21.5276,15.7012,6.33696,2.01558,0,0,0,0,0,0,0,0,0,0,0,0,0,0,0,0,0,0,0,0,0,0,0,0,0,0,0,0,0,0,0,0,0,0,0,0,0,0,0,0,0,0,0,0,0,0,0,0,0,0,0,0,0,0,0,0,0
330,2.70304,2.10984,1.69925,1.26485,1.61108,3.08686,5.20507,7.04234,8.98943,11.0965,13.3605,15.6308,18.2748,20.4641,20.8169,15.494,6.41649,2.03945,0.711425,0,0,0,0,0,0,0,0,0,0,0,0,0,0,0,0,0,0,0,0,0,0,0,0,0,0,0,0,0,0,0,0,0,0,0,0,0,0,0,0,0,0,0,0,0,0,0,0,0,0,0,0,0,0,0,0
335,2.32566,1.88923,1.55538,1.18245,1.48371,2.87009,4.65487,6.2163,7.74384,9.38856,11.2633,13.3439,15.9551,18.2829,18.683,14.034,6.05541,2.02671,0.680495,0.411276,0,0,0,0,0,0,0,0,0,0,0,0,0,0,0,0,0,0,0,0,0,0,0,0,0,0,0,0,0,0,0,0,0,0,0,0,0,0,0,0,0,0,0,0,0,0,0,0,0,0,0,0,0,0,0
340,1.94268,1.62741,1.28436,1.08947,1.31998,2.49761,4.04251,5.27792,6.45594,7.66376,9.15469,10.8534,13.2306,15.3898,15.7927,11.9307,5.35932,1.93893,0.725993,0.388444,0.384075,0,0,0,0,0,0,0,0,0,0,0,0,0,0,0,0,0,0,0,0,0,0,0,0,0,0,0,0,0,0,0,0,0,0,0,0,0,0,0,0,0,0,0,0,0,0,0,0,0,0,0,0,0,0
345,1.51439,1.31756,1.07425,0.932039,1.13407,2.1426,3.43896,4.362,5.21677,6.08203,7.21156,8.59308,10.5514,12.4407,12.8042,9.79688,4.53835,1.81157,0.790623,0.466083,0.371807,0.389011,0,0,0,0,0,0,0,0,0,0,0,0,0,0,0,0,0,0,0,0,0,0,0,0,0,0,0,0,0,0,0,0,0,0,0,0,0,0,0,0,0,0,0,0,0,0,0,0,0,0,0,0,0
350,1.35137,1.07468,0.959082,0.795546,1.0126,1.82036,2.84236,3.57945,4.22929,4.73548,5.60213,6.62075,8.23782,9.76152,10.1558,7.84819,3.82681,1.70254,0.911899,0.577561,0.453754,0.368942,0.383825,0,0,0,0,0,0,0,0,0,0,0,0,0,0,0,0,0,0,0,0,0,0,0,0,0,0,0,0,0,0,0,0,0,0,0,0,0,0,0,0,0,0,0,0,0,0,0,0,0,0,0,0
355,1.2048,0.947512,0.835061,0.670168,0.940992,1.55829,2.42715,2.93515,3.38324,3.73304,4.34184,5.13728,6.38975,7.64729,7.99712,6.3492,3.33227,1.68841,1.0916,0.778925,0.574108,0.450981,0.349794,0.407825,0,0,0,0,0,0,0,0,0,0,0,0,0,0,0,0,0,0,0,0,0,0,0,0,0,0,0,0,0,0,0,0,0,0,0,0,0,0,0,0,0,0,0,0,0,0,0,0,0,0,0
360,1.02555,0.816939,0.702784,0.630277,0.782862,1.38608,2.01881,2.41247,2.7225,2.96191,3.43111,4.02612,5.04808,6.07531,6.35573,5.2908,3.09176,1.78271,1.36808,1.09165,0.759817,0.557727,0.428351,0.327352,0.366786,0,0,0,0,0,0,0,0,0,0,0,0,0,0,0,0,0,0,0,0,0,0,0,0,0,0,0,0,0,0,0,0,0,0,0,0,0,0,0,0,0,0,0,0,0,0,0,0,0,0
365,0.835377,0.663381,0.527631,0.479925,0.61481,1.04706,1.62172,1.8944,2.10546,2.25903,2.59557,3.02547,3.82665,4.67371,4.90235,4.30895,2.8914,1.90675,1.68395,1.3848,0.971889,0.689678,0.514159,0.384363,0.28415,0.362437,0,0,0,0,0,0,0,0,0,0,0,0,0,0,0,0,0,0,0,0,0,0,0,0,0,0,0,0,0,0,0,0,0,0,0,0,0,0,0,0,0,0,0,0,0,0,0,0,0
370,0.716458,0.539025,0.468509,0.453058,0.513083,0.899441,1.30511,1.54138,1.6872,1.79592,2.03089,2.36896,3.0159,3.75057,3.98544,3.72146,2.82095,2.03766,1.95985,1.65843,1.10593,0.841744,0.622129,0.452882,0.325534,0.239048,0.327063,0,0,0,0,0,0,0,0,0,0,0,0,0,0,0,0,0,0,0,0,0,0,0,0,0,0,0,0,0,0,0,0,0,0,0,0,0,0,0,0,0,0,0,0,0,0,0,0
375,0.579527,0.514634,0.422034,0.40386,0.471602,0.764567,1.08097,1.27347,1.36765,1.44689,1.62864,1.87586,2.44826,3.09216,3.31988,3.35279,2.86523,2.23843,2.30447,1.98945,1.28009,0.939721,0.750678,0.537494,0.382348,0.266641,0.205872,0.298362,0,0,0,0,0,0,0,0,0,0,0,0,0,0,0,0,0,0,0,0,0,0,0,0,0,0,0,0,0,0,0,0,0,0,0,0,0,0,0,0,0,0,0,0,0,0,0
380,0.570872,0.502151,0.398988,0.373119,0.435675,0.657606,0.941966,1.05275,1.15263,1.20555,1.38679,1.59895,2.09215,2.73219,2.95494,3.26877,3.07193,2.51959,2.76279,2.3986,1.50009,1.0755,0.849764,0.654513,0.467396,0.322526,0.235069,0.188019,0.271058,0,0,0,0,0,0,0,0,0,0,0,0,0,0,0,0,0,0,0,0,0,0,0,0,0,0,0,0,0,0,0,0,0,0,0,0,0,0,0,0,0,0,0,0,0,0
385,0.586505,0.428766,0.333272,0.347911,0.369268,0.576687,0.79816,0.915397,0.985453,1.04957,1.22718,1.40355,1.89084,2.53759,2.75318,3.32982,3.39422,2.84865,3.21265,2.83786,1.71224,1.18741,0.920067,0.722103,0.531612,0.375965,0.273492,0.209766,0.17462,0.230674,0,0,0,0,0,0,0,0,0,0,0,0,0,0,0,0,0,0,0,0,0,0,0,0,0,0,0,0,0,0,0,0,0,0,0,0,0,0,0,0,0,0,0,0,0
390,0.547126,0.486257,0.328367,0.299234,0.348016,0.52686,0.703555,0.798911,0.872316,0.938936,1.1202,1.26462,1.75243,2.41964,2.61215,3.35663,3.62945,3.05942,3.49938,3.12506,1.85496,1.2726,0.988081,0.752384,0.591309,0.417862,0.307648,0.236595,0.189601,0.162678,0.241387,0,0,0,0,0,0,0,0,0,0,0,0,0,0,0,0,0,0,0,0,0,0,0,0,0,0,0,0,0,0,0,0,0,0,0,0,0,0,0,0,0,0,0,0
395,0.571559,0.371134,0.324878,0.294128,0.332444,0.479592,0.629585,0.712234,0.775984,0.849673,1.01369,1.16392,1.63568,2.30167,2.50012,3.34654,3.70325,3.15181,3.67364,3.27093,1.93002,1.31112,1.02985,0.788324,0.611618,0.473314,0.345849,0.272056,0.215242,0.178133,0.154859,0.233329,0,0,0,0,0,0,0,0,0,0,0,0,0,0,0,0,0,0,0,0,0,0,0,0,0,0,0,0,0,0,0,0,0,0,0,0,0,0,0,0,0,0,0
400,0.520262,0.372815,0.294621,0.31123,0.309017,0.427564,0.571133,0.642521,0.717409,0.778866,0.952381,1.09767,1.56242,2.23529,2.44751,3.38132,3.81537,3.26043,3.87128,3.40719,1.99401,1.34813,1.06262,0.835371,0.65316,0.501926,0.406016,0.312459,0.251053,0.206614,0.173544,0.153217,0.262857,0,0,0,0,0,0,0,0,0,0,0,0,0,0,0,0,0,0,0,0,0,0,0,0,0,0,0,0,0,0,0,0,0,0,0,0,0,0,0,0,0,0
405,0.450918,0.370021,0.301149,0.259054,0.28374,0.427045,0.529767,0.615799,0.674327,0.760728,0.922982,1.07517,1.5744,2.2488,2.4758,3.5108,4.00821,3.42163,4.0825,3.60481,2.078,1.38684,1.09163,0.858701,0.687035,0.542568,0.44783,0.378827,0.300029,0.243709,0.198017,0.16707,0.150013,0.309942,0,0,0,0,0,0,0,0,0,0,0,0,0,0,0,0,0,0,0,0,0,0,0,0,0,0,0,0,0,0,0,0,0,0,0,0,0,0,0,0,0
410,0.435634,0.341294,0.265175,0.215046,0.282304,0.388514,0.490419,0.578508,0.655313,0.73687,0.925293,1.06645,1.56562,2.28715,2.51013,3.62672,4.18339,3.5527,4.23106,3.77014,2.15285,1.43366,1.13429,0.902511,0.727876,0.582246,0.486315,0.433518,0.365272,0.28811,0.229978,0.184978,0.156907,0.139576,0.23122,0,0,0,0,0,0,0,0,0,0,0,0,0,0,0,0,0,0,0,0,0,0,0,0,0,0,0,0,0,0,0,0,0,0,0,0,0,0,0,0
415,0.499169,0.342463,0.270596,0.24122,0.250107,0.365688,0.466393,0.547182,0.627563,0.711095,0.908542,1.05076,1.54804,2.27437,2.50982,3.64372,4.23279,3.58506,4.25782,3.80918,2.18737,1.47296,1.17053,0.948377,0.789787,0.642812,0.545543,0.485608,0.442097,0.352198,0.266508,0.20721,0.169384,0.138567,0.123506,0.218203,0,0,0,0,0,0,0,0,0,0,0,0,0,0,0,0,0,0,0,0,0,0,0,0,0,0,0,0,0,0,0,0,0,0,0,0,0,0,0
420,0.43686,0.375117,0.285199,0.23522,0.216247,0.347893,0.461684,0.544323,0.60584,0.677397,0.87777,1.01649,1.50929,2.22712,2.43539,3.59526,4.18089,3.57354,4.24409,3.8062,2.22654,1.52198,1.23824,1.02727,0.885091,0.739224,0.627821,0.571379,0.524926,0.446254,0.319768,0.238134,0.185555,0.149019,0.121862,0.112346,0.23702,0,0,0,0,0,0,0,0,0,0,0,0,0,0,0,0,0,0,0,0,0,0,0,0,0,0,0,0,0,0,0,0,0,0,0,0,0,0
425,0.40831,0.310311,0.212326,0.195762,0.223582,0.334169,0.454058,0.518008,0.593248,0.662317,0.852297,0.990083,1.46699,2.16271,2.39934,3.54941,4.1463,3.57692,4.27114,3.82864,2.28308,1.59651,1.30979,1.12096,1.00164,0.853444,0.729254,0.678514,0.639891,0.533776,0.399737,0.276767,0.209156,0.162383,0.130496,0.108227,0.101538,0.225459,0,0,0,0,0,0,0,0,0,0,0,0,0,0,0,0,0,0,0,0,0,0,0,0,0,0,0,0,0,0,0,0,0,0,0,0,0
430,0.398134,0.222499,0.221611,0.192981,0.223693,0.323985,0.425848,0.495107,0.563654,0.657264,0.829315,0.96846,1.45865,2.14358,2.3725,3.53569,4.16629,3.60886,4.31192,3.90142,2.35217,1.68368,1.40154,1.22316,1.13221,0.984264,0.839191,0.788947,0.767747,0.642069,0.460359,0.330879,0.24064,0.181733,0.142255,0.116251,0.0960842,0.091847,0.206183,0,0,0,0,0,0,0,0,0,0,0,0,0,0,0,0,0,0,0,0,0,0,0,0,0,0,0,0,0,0,0,0,0,0,0,0
435,0.406164,0.286057,0.213751,0.213073,0.2118,0.306695,0.403627,0.472293,0.5585,0.637283,0.81435,0.955154,1.4289,2.11959,2.35982,3.51672,4.19369,3.63185,4.34406,3.96278,2.4435,1.75879,1.48667,1.322,1.24925,1.09802,0.938145,0.892006,0.874329,0.727303,0.509015,0.368493,0.273255,0.203306,0.156814,0.124002,0.100769,0.0855243,0.0860005,0.232733,0,0,0,0,0,0,0,0,0,0,0,0,0,0,0,0,0,0,0,0,0,0,0,0,0,0,0,0,0,0,0,0,0,0,0
440,0.466839,0.279629,0.187458,0.205879,0.22068,0.319633,0.394261,0.458613,0.524436,0.616083,0.789909,0.919092,1.37768,2.06792,2.29301,3.42591,4.09248,3.58371,4.27506,3.94003,2.44982,1.82128,1.54465,1.40575,1.34252,1.19439,1.0242,0.974928,0.968459,0.803598,0.546941,0.378333,0.301242,0.221409,0.168824,0.133549,0.107967,0.0891936,0.0796131,0.0823626,0.225488,0,0,0,0,0,0,0,0,0,0,0,0,0,0,0,0,0,0,0,0,0,0,0,0,0,0,0,0,0,0,0,0,0,0
445,0.327056,0.25514,0.234773,0.195481,0.215961,0.288545,0.388247,0.445176,0.509689,0.590838,0.755607,0.873156,1.31423,1.95156,2.16927,3.25098,3.89931,3.42062,4.07494,3.76381,2.42259,1.82704,1.58863,1.47454,1.4391,1.28494,1.09872,1.05633,1.05201,0.869739,0.582191,0.390858,0.297136,0.245073,0.17985,0.140305,0.112641,0.0919423,0.0804499,0.0746926,0.0819249,0.25436,0,0,0,0,0,0,0,0,0,0,0,0,0,0,0,0,0,0,0,0,0,0,0,0,0,0,0,0,0,0,0,0,0
450,0.343101,0.25288,0.199238,0.187328,0.211721,0.280342,0.369556,0.41691,0.492234,0.55383,0.708657,0.819417,1.22859,1.83218,2.03098,3.01102,3.62588,3.21794,3.82875,3.54532,2.34868,1.84646,1.61866,1.53594,1.53557,1.36488,1.17071,1.14576,1.15814,0.954121,0.619311,0.411288,0.301041,0.245343,0.197484,0.14993,0.121516,0.0978035,0.0859382,0.0767589,0.0735442,0.0811751,0.189477,0,0,0,0,0,0,0,0,0,0,0,0,0,0,0,0,0,0,0,0,0,0,0,0,0,0,0,0,0,0,0,0
455,0.392818,0.249793,0.19818,0.173543,0.200089,0.271512,0.364841,0.394113,0.459666,0.522518,0.664559,0.769701,1.15069,1.71209,1.89658,2.81372,3.39333,3.0393,3.61097,3.3757,2.31172,1.86563,1.66338,1.60195,1.63966,1.48778,1.25742,1.23198,1.26634,1.05047,0.669591,0.431352,0.316051,0.245526,0.202952,0.167203,0.129859,0.105794,0.0894006,0.0808059,0.0747383,0.0734677,0.0797912,0.209025,0,0,0,0,0,0,0,0,0,0,0,0,0,0,0,0,0,0,0,0,0,0,0,0,0,0,0,0,0,0,0
460,0.588373,0.185199,0.146226,0.159413,0.173839,0.262888,0.337696,0.379311,0.433535,0.494685,0.632301,0.730167,1.09874,1.61396,1.81218,2.67705,3.24941,2.93779,3.49113,3.27472,2.31345,1.9187,1.72181,1.68763,1.75827,1.60395,1.35892,1.32858,1.38099,1.15357,0.733062,0.463834,0.331446,0.261345,0.209696,0.182328,0.145821,0.115361,0.0989254,0.0871572,0.080799,0.0749784,0.073933,0.0818835,0.19473,0,0,0,0,0,0,0,0,0,0,0,0,0,0,0,0,0,0,0,0,0,0,0,0,0,0,0,0,0,0
465,0.884439,0.236117,0.168617,0.16427,0.184725,0.280072,0.325595,0.380319,0.407464,0.475798,0.601373,0.697092,1.04034,1.5495,1.73138,2.55557,3.12435,2.87636,3.41231,3.23513,2.33987,1.9753,1.79746,1.77712,1.88084,1.72504,1.45751,1.43718,1.49259,1.24692,0.788787,0.493457,0.356986,0.2758,0.224109,0.189374,0.168102,0.13163,0.113544,0.0973831,0.0872533,0.0831107,0.0779226,0.074122,0.0815762,0.152726,0,0,0,0,0,0,0,0,0,0,0,0,0,0,0,0,0,0,0,0,0,0,0,0,0,0,0,0,0
470,0.548242,0.516492,0.176506,0.199657,0.192501,0.26233,0.328949,0.358114,0.400746,0.446966,0.577376,0.659776,0.983491,1.46976,1.65357,2.46137,3.01227,2.80246,3.29466,3.1706,2.34132,2.01364,1.85695,1.85763,1.97205,1.81014,1.53858,1.50316,1.57251,1.31589,0.833601,0.517507,0.37267,0.293927,0.240295,0.201404,0.17333,0.154847,0.125528,0.109007,0.0984064,0.090711,0.0832597,0.07651,0.0727418,0.0778303,0.206849,0,0,0,0,0,0,0,0,0,0,0,0,0,0,0,0,0,0,0,0,0,0,0,0,0,0,0,0
475,0.253536,0.551491,0.200294,0.1447,0.14656,0.24165,0.324516,0.343005,0.382197,0.417276,0.539534,0.613711,0.918294,1.36024,1.54453,2.28843,2.81595,2.64151,3.10726,3.00118,2.28573,2.01411,1.87136,1.88939,2.00576,1.85055,1.58152,1.53859,1.6132,1.3481,0.84479,0.530889,0.384881,0.302958,0.250014,0.211988,0.18157,0.161026,0.141398,0.118443,0.106027,0.0956947,0.0871608,0.0775976,0.0719308,0.0655937,0.0744697,0.156232,0,0,0,0,0,0,0,0,0,0,0,0,0,0,0,0,0,0,0,0,0,0,0,0,0,0,0
480,0.309115,0.305767,0.346717,0.168156,0.158503,0.246387,0.303253,0.322027,0.353579,0.395843,0.497326,0.570019,0.847752,1.26769,1.42453,2.08422,2.60045,2.43802,2.88825,2.80327,2.19332,1.96887,1.84162,1.87707,2.01877,1.86577,1.59051,1.55941,1.63173,1.36438,0.852466,0.529802,0.379421,0.305768,0.255079,0.219072,0.188872,0.16195,0.1498,0.130542,0.113469,0.10494,0.092797,0.0828074,0.0776411,0.0670551,0.0647624,0.0704867,0.123959,0,0,0,0,0,0,0,0,0,0,0,0,0,0,0,0,0,0,0,0,0,0,0,0,0,0
485,0.26899,0.207995,0.439769,0.149842,0.139509,0.233792,0.297759,0.301712,0.343364,0.367181,0.466092,0.525925,0.788458,1.15769,1.31737,1.92951,2.37252,2.27985,2.68737,2.63118,2.1329,1.95774,1.83649,1.88947,2.05664,1.89949,1.61952,1.59779,1.68208,1.40833,0.883872,0.543972,0.39388,0.312902,0.265014,0.228797,0.197242,0.169496,0.15222,0.144966,0.125625,0.112574,0.102658,0.0913155,0.0868031,0.0746415,0.0682426,0.0641165,0.0696403,0.129609,0,0,0,0,0,0,0,0,0,0,0,0,0,0,0,0,0,0,0,0,0,0,0,0,0
490,0.251972,0.168389,0.209124,0.313135,0.137991,0.212465,0.275004,0.296983,0.317938,0.345607,0.42844,0.501671,0.731492,1.07474,1.2367,1.79656,2.2433,2.17658,2.56984,2.55488,2.11796,1.97583,1.87559,1.94571,2.12723,1.98545,1.67993,1.65763,1.76094,1.47466,0.920385,0.57012,0.409994,0.325462,0.275864,0.242423,0.209901,0.18109,0.161973,0.149426,0.144194,0.126022,0.115144,0.101642,0.0937892,0.0836101,0.0751618,0.071171,0.0768932,0.117378,0.221494,0,0,0,0,0,0,0,0,0,0,0,0,0,0,0,0,0,0,0,0,0,0,0,0
495,0.195428,0.153135,0.144266,0.362359,0.173761,0.219104,0.262898,0.268681,0.301174,0.333211,0.403946,0.470972,0.679648,1.01535,1.16517,1.69598,2.13813,2.09976,2.49074,2.48974,2.12347,2.0184,1.93185,1.99091,2.2027,2.06656,1.74598,1.72373,1.83785,1.55214,0.966864,0.593688,0.42511,0.340929,0.290079,0.254327,0.221259,0.193399,0.173494,0.155436,0.152852,0.141061,0.124856,0.112356,0.102995,0.0903357,0.0855024,0.131575,0.20245,0.332967,0.392768,0.327976,0,0,0,0,0,0,0,0,0,0,0,0,0,0,0,0,0,0,0,0,0,0,0
500,0.238217,0.11142,0.101874,0.22348,0.31636,0.225746,0.255017,0.265078,0.29458,0.31416,0.382733,0.459716,0.653784,0.967324,1.10541,1.61147,2.04493,2.06192,2.45215,2.46949,2.15184,2.05623,1.98362,2.07261,2.28241,2.14349,1.81952,1.79642,1.90776,1.60181,1.00893,0.620164,0.449853,0.354989,0.302056,0.267069,0.235935,0.201585,0.183671,0.166912,0.158002,0.157701,0.138201,0.123316,0.11376,0.0977774,0.0905111,0.100723,0.140954,0.183021,0.203571,0.131347,0.151062,0,0,0,0,0,0,0,0,0,0,0,0,0,0,0,0,0,0,0,0,0,0
505,0.0864081,0.027875,0.0347512,0.0903316,0.338789,0.229052,0.253276,0.248176,0.280053,0.30063,0.360875,0.41813,0.600901,0.899124,1.04419,1.53628,1.97849,1.99827,2.37936,2.41609,2.14621,2.06692,2.03197,2.13037,2.34769,2.21063,1.8792,1.85357,1.95804,1.65938,1.04382,0.646834,0.466877,0.376777,0.322679,0.284213,0.250085,0.216454,0.19619,0.178393,0.168845,0.160533,0.160561,0.138888,0.123929,0.107748,0.0996332,0.0916577,0.0884848,0.0865862,0.0904157,0.0850486,0.0902994,0.113301,0,0,0,0,0,0,0,0,0,0,0,0,0,0,0,0,0,0,0,0,0
510,0.0512854,0.0461625,0.112203,0.058039,0.168205,0.353028,0.240414,0.231101,0.262715,0.278753,0.342628,0.404128,0.565062,0.835942,0.983628,1.45563,1.88936,1.9315,2.27506,2.34167,2.12982,2.09308,2.05907,2.1604,2.39859,2.26821,1.92781,1.88614,2.01019,1.70237,1.08282,0.672203,0.483714,0.395015,0.340634,0.30185,0.266155,0.23219,0.212434,0.194622,0.184516,0.174707,0.165458,0.159486,0.141459,0.123857,0.11147,0.102665,0.0937853,0.0923801,0.0904358,0.0844588,0.079932,0.0792625,0.105614,0,0,0,0,0,0,0,0,0,0,0,0,0,0,0,0,0,0,0,0
515,0.202699,0.0866522,0.0690298,0.095511,0.115757,0.410811,0.276547,0.226163,0.241092,0.263005,0.32772,0.368232,0.527433,0.806048,0.924064,1.34342,1.76973,1.84299,2.1798,2.27209,2.09901,2.09162,2.04736,2.16172,2.40654,2.27557,1.95696,1.93344,2.0415,1.73212,1.10302,0.693214,0.504208,0.407209,0.358525,0.324619,0.282989,0.246939,0.224525,0.206134,0.196867,0.190279,0.177709,0.166314,0.1607,0.134656,0.124662,0.114774,0.105313,0.100982,0.103824,0.0934228,0.0872054,0.0765178,0.081389,0.108942,0,0,0,0,0,0,0,0,0,0,0,0,0,0,0,0,0,0,0
520,0.0532733,0.118405,0.0457047,0.0808256,0.120554,0.246489,0.408595,0.246675,0.243192,0.24301,0.307915,0.35234,0.504837,0.729203,0.866989,1.24749,1.6676,1.75268,2.0563,2.16741,2.05124,2.06502,2.02461,2.14378,2.40882,2.28196,1.95412,1.93876,2.05943,1.75955,1.12537,0.713499,0.517014,0.421566,0.373713,0.340306,0.301151,0.251477,0.233572,0.213562,0.207104,0.19573,0.18737,0.174585,0.172901,0.153667,0.135583,0.126106,0.115654,0.109421,0.113351,0.102883,0.0969937,0.0835847,0.0770337,0.0823862,0.124714,0,0,0,0,0,0,0,0,0,0,0,0,0,0,0,0,0,0
525,0.118531,0.0367363,0.0899169,0.149493,0.145644,0.165338,0.399566,0.233686,0.223022,0.247299,0.277433,0.319871,0.466283,0.679354,0.803878,1.1671,1.53749,1.64719,1.93033,2.03264,1.96299,1.98297,1.96202,2.09908,2.3467,2.2425,1.92598,1.90364,2.03511,1.73869,1.12184,0.712046,0.520033,0.425444,0.378034,0.344544,0.305953,0.259174,0.237166,0.218277,0.211969,0.203199,0.194806,0.183631,0.172753,0.163172,0.146383,0.13607,0.124564,0.11526,0.117673,0.111501,0.102384,0.0904446,0.0822042,0.0784875,0.0874867,0.128445,0,0,0,0,0,0,0,0,0,0,0,0,0,0,0,0,0
530,0.176319,0.0542744,0.0396149,0.0989423,0.0954479,0.163999,0.243178,0.36135,0.211815,0.217484,0.262176,0.298091,0.421615,0.619423,0.736529,1.05805,1.39855,1.51433,1.78336,1.88553,1.84381,1.88151,1.88516,1.98711,2.24819,2.15411,1.85194,1.84218,1.95919,1.68665,1.09346,0.697481,0.506285,0.421563,0.372469,0.344144,0.301434,0.262031,0.235872,0.220161,0.214362,0.204838,0.197275,0.185288,0.172925,0.15879,0.156769,0.141799,0.12867,0.121034,0.117506,0.110579,0.110118,0.0931192,0.0883811,0.0778737,0.0795824,0.0885129,0.122046,0,0,0,0,0,0,0,0,0,0,0,0,0,0,0,0
535,0.234105,0.0901884,0.0315114,0.0828936,0.105561,0.160016,0.212379,0.348362,0.22069,0.208027,0.235987,0.273511,0.385921,0.576268,0.673515,0.975748,1.28476,1.3918,1.63915,1.74024,1.72116,1.77625,1.77284,1.89635,2.13023,2.05088,1.75308,1.7453,1.86252,1.61435,1.05312,0.686449,0.499321,0.410523,0.366813,0.337323,0.299774,0.261198,0.234186,0.214461,0.2076,0.204389,0.197129,0.182223,0.173054,0.157511,0.155771,0.14916,0.13374,0.123215,0.120745,0.111904,0.107884,0.0994124,0.0884161,0.0802666,0.0752879,0.0790605,0.0858531,0.112222,0,0,0,0,0,0,0,0,0,0,0,0,0,0,0
540,0.200174,0.137927,0.0434128,0.07817,0.0755577,0.126547,0.195078,0.205791,0.314707,0.188364,0.220336,0.250912,0.365498,0.520156,0.613484,0.877364,1.19577,1.29161,1.50989,1.60412,1.59868,1.65987,1.67237,1.78171,2.00738,1.92368,1.66792,1.64536,1.76662,1.51804,1.00037,0.653153,0.484362,0.394429,0.359604,0.332502,0.29268,0.251079,0.229629,0.214671,0.206144,0.20256,0.193258,0.182058,0.172282,0.15514,0.148454,0.149438,0.13986,0.12522,0.120913,0.111462,0.105654,0.0973542,0.0912153,0.0810749,0.0761637,0.071551,0.0720205,0.0781901,0.105811,0,0,0,0,0,0,0,0,0,0,0,0,0,0
545,0.131541,0.125739,0.025761,0.013372,0.0690645,0.126777,0.173797,0.158977,0.227144,0.190207,0.201457,0.226809,0.324168,0.469794,0.552598,0.78573,1.05852,1.18806,1.37027,1.47328,1.48592,1.56102,1.57099,1.67582,1.88095,1.81551,1.57202,1.55728,1.66303,1.42439,0.949792,0.623438,0.463966,0.380983,0.345336,0.32034,0.279054,0.242183,0.217328,0.205524,0.199133,0.195239,0.185303,0.172935,0.165343,0.150567,0.142802,0.138348,0.139347,0.125012,0.119474,0.110603,0.107281,0.0965303,0.0908443,0.0849847,0.0766538,0.0717153,0.0678855,0.0672678,0.0725747,0.0979483,0,0,0,0,0,0,0,0,0,0,0,0,0
550,0.0973698,0.0897863,0.0657873,0.0658138,0.074782,0.110662,0.16549,0.16611,0.166491,0.219555,0.181924,0.213363,0.297676,0.424917,0.502469,0.730065,0.977078,1.08986,1.25883,1.3605,1.39585,1.46734,1.47321,1.58299,1.77817,1.70833,1.49366,1.48189,1.57477,1.36836,0.910142,0.601211,0.447987,0.373521,0.34047,0.315533,0.275961,0.23764,0.214123,0.199873,0.195215,0.191528,0.184449,0.1731,0.164768,0.148156,0.140603,0.136297,0.131276,0.129135,0.121993,0.111381,0.106531,0.095076,0.0900339,0.0843383,0.0784318,0.0721646,0.0691601,0.0646744,0.0634756,0.0682987,0.091374,0,0,0,0,0,0,0,0,0,0,0,0
555,0.253354,0.0923359,0.0429159,0.0444204,0.0583057,0.125121,0.146288,0.135432,0.16045,0.200702,0.183913,0.191356,0.27724,0.381672,0.465179,0.657648,0.886734,1.00171,1.16748,1.26131,1.3024,1.37908,1.3824,1.48231,1.67838,1.61639,1.40894,1.39611,1.48545,1.2875,0.867159,0.583664,0.430147,0.361507,0.33135,0.311395,0.271005,0.231688,0.208016,0.194804,0.190767,0.186146,0.178069,0.172118,0.162352,0.143764,0.139309,0.132025,0.125631,0.122753,0.126571,0.111059,0.105161,0.0969251,0.089417,0.0837438,0.078687,0.074162,0.068151,0.0644065,0.0595379,0.0602662,0.0650726,0.0914553,0,0,0,0,0,0,0,0,0,0,0
560,0.0679286,0.0779053,-0.0114971,0.0304858,0.0721163,0.103906,0.134082,0.132737,0.150327,0.14397,0.221664,0.177477,0.244431,0.361008,0.415811,0.595544,0.806862,0.915462,1.07249,1.16091,1.20806,1.28293,1.30171,1.39574,1.56857,1.50581,1.31977,1.32221,1.39468,1.22139,0.827836,0.557345,0.419781,0.356512,0.326525,0.303823,0.265395,0.227369,0.202811,0.189275,0.185251,0.182455,0.173131,0.165459,0.153695,0.141862,0.132448,0.130733,0.124053,0.116388,0.122234,0.111201,0.105087,0.0963311,0.0891238,0.0839863,0.0788471,0.0765888,0.071553,0.0652685,0.0613472,0.0586451,0.0594863,0.0679402,0.0931919,0,0,0,0,0,0,0,0,0,0
565,-0.0442584,-0.00533431,0.0420189,0.053844,0.0257558,0.0827785,0.107099,0.124142,0.127627,0.131006,0.203671,0.174762,0.230981,0.330062,0.385643,0.547694,0.741502,0.847765,0.972036,1.0685,1.12642,1.19635,1.20855,1.3089,1.47027,1.43106,1.24941,1.23517,1.31823,1.14902,0.787397,0.531675,0.407887,0.343511,0.318508,0.297639,0.262096,0.219235,0.196332,0.183729,0.178761,0.176235,0.170977,0.1564,0.151592,0.136696,0.131548,0.12725,0.118827,0.111985,0.114379,0.11257,0.105414,0.0952801,0.0903904,0.0856013,0.0811842,0.0784435,0.0739216,0.06946,0.0664126,0.0615143,0.0581702,0.0620713,0.0708176,0.0963387,0,0,0,0,0,0,0,0,0
570,-0.0178739,0.00651859,-0.0365658,0.0636489,0.028187,0.105409,0.1292,0.109306,0.129381,0.114092,0.145246,0.219707,0.2017,0.295934,0.358231,0.502628,0.67684,0.784081,0.906548,0.987602,1.04937,1.11117,1.13813,1.20983,1.36413,1.32056,1.16104,1.16238,1.22793,1.07442,0.746028,0.516905,0.391791,0.331027,0.305554,0.289553,0.254978,0.21146,0.191084,0.178184,0.172891,0.170452,0.165056,0.15143,0.145428,0.130647,0.127114,0.121631,0.117427,0.109441,0.108289,0.103899,0.109365,0.0957465,0.0898617,0.0848531,0.0822722,0.0789881,0.0775708,0.0750982,0.0698206,0.0663935,0.0610828,0.063206,0.0663872,0.0768585,0.106564,0,0,0,0,0,0,0,0
575,0.205508,-0.0271048,0.0310558,0.0436593,0.0816016,0.113744,0.103046,0.11758,0.106574,0.0967257,0.118588,0.201729,0.205253,0.274443,0.329029,0.461938,0.619894,0.710794,0.835684,0.904202,0.963123,1.04109,1.05692,1.13224,1.28135,1.23756,1.09289,1.0789,1.153,1.01189,0.708006,0.494239,0.375704,0.31836,0.298545,0.279025,0.248253,0.204642,0.183831,0.171795,0.17084,0.163007,0.159472,0.146451,0.139475,0.125263,0.12153,0.11757,0.112945,0.104496,0.10618,0.0992352,0.104659,0.0971727,0.0908753,0.0854855,0.0831379,0.0810897,0.0785595,0.0787771,0.076911,0.0714564,0.066624,0.0684298,0.0680606,0.0750317,0.0915424,0.122408,0,0,0,0,0,0,0
580,0.107996,-0.123166,0.0273952,0.10397,0.00959654,0.077871,0.0656942,0.0966774,0.0942675,0.0976511,0.119352,0.142275,0.255414,0.256552,0.305606,0.41552,0.581436,0.661375,0.769267,0.827477,0.903909,0.960665,0.97471,1.04421,1.1812,1.15385,1.01439,1.00725,1.07231,0.946777,0.669905,0.469957,0.361272,0.305548,0.288548,0.275268,0.239496,0.198812,0.173865,0.167787,0.162303,0.159178,0.15328,0.141254,0.134833,0.119257,0.118771,0.112536,0.109722,0.101078,0.100546,0.0966623,0.0974237,0.0978499,0.090725,0.0875306,0.0827422,0.0814226,0.0804724,0.0836178,0.0802941,0.0801413,0.0728288,0.0728274,0.07215,0.0753676,0.0892076,0.107178,0.137012,0,0,0,0,0,0
585,0.0639538,-0.0802846,0.0582005,0.0921174,0.106125,0.0636729,0.0807812,0.109879,0.102113,0.0676114,0.104819,0.105722,0.233734,0.239617,0.274896,0.384204,0.514188,0.604866,0.691846,0.762421,0.816054,0.897914,0.903893,0.972626,1.09698,1.06644,0.94456,0.932085,0.992736,0.879435,0.622198,0.445091,0.346296,0.289494,0.274617,0.261783,0.229788,0.193885,0.170288,0.159923,0.15604,0.150979,0.148285,0.134122,0.127918,0.115406,0.112681,0.107801,0.10634,0.098764,0.0986126,0.0924369,0.0935945,0.0899584,0.0917987,0.0856365,0.0835288,0.0836662,0.0804446,0.0829723,0.0815139,0.0801331,0.0782465,0.0738199,0.0736863,0.0753359,0.0846407,0.0991306,0.118407,0.142677,0,0,0,0,0
590,-0.0708736,-0.116811,0.0257142,0.103834,0.00966785,0.0205921,0.125372,0.0988637,0.090656,0.100323,0.0854923,0.10568,0.145232,0.2989,0.251199,0.343354,0.472156,0.542851,0.634833,0.703469,0.760451,0.818757,0.827603,0.889534,1.01782,0.981796,0.878561,0.866886,0.927503,0.81105,0.584834,0.421907,0.32869,0.282466,0.269347,0.251169,0.221034,0.186206,0.164522,0.154786,0.151386,0.148265,0.141933,0.132164,0.122175,0.11295,0.108093,0.10716,0.101373,0.0964289,0.0963906,0.0919657,0.0936549,0.0872898,0.0850493,0.0896722,0.0835065,0.0774612,0.0776206,0.0828442,0.0817711,0.0809849,0.0766093,0.0755526,0.0724684,0.0745383,0.0775223,0.0872695,0.100611,0.113596,0.12783,0,0,0,0
595,0.0195231,-0.0601592,0.112842,0.0246203,-0.103569,0.0177638,0.11427,0.0719723,0.0920785,0.0694088,0.0547479,0.11318,0.131285,0.280151,0.263265,0.315521,0.43258,0.495591,0.580408,0.630758,0.687497,0.751811,0.769984,0.827619,0.929435,0.900437,0.811208,0.802514,0.847218,0.758508,0.554276,0.404301,0.311289,0.274891,0.260112,0.245994,0.21237,0.180666,0.163446,0.152314,0.145427,0.14381,0.136295,0.126379,0.120782,0.105545,0.103463,0.0995849,0.0989823,0.0950003,0.0917016,0.0886068,0.0898851,0.08393,0.0840638,0.08134,0.0854736,0.0810205,0.0828365,0.0823085,0.0782888,0.077735,0.0765665,0.0742682,0.0720329,0.07234,0.0747875,0.0799799,0.0881509,0.0926191,0.0974385,0.104775,0,0,0
600,0.508285,-0.0842169,-0.110695,-0.00723884,0.000624128,0.0267884,0.0800297,0.0789856,0.0902607,0.0726612,0.074703,0.100564,0.129588,0.182991,0.344802,0.291642,0.395007,0.452485,0.530196,0.575441,0.638783,0.681007,0.70456,0.76597,0.859163,0.830764,0.745967,0.742319,0.785518,0.700801,0.516647,0.385376,0.303988,0.274558,0.248348,0.239728,0.212296,0.176065,0.160585,0.148665,0.143653,0.138324,0.12987,0.123671,0.112519,0.103663,0.101757,0.0942155,0.0937217,0.0877313,0.0906407,0.0832954,0.0852036,0.0836501,0.0778442,0.0787232,0.0851077,0.0838173,0.0778879,0.0784108,0.0773168,0.075187,0.0778129,0.0724891,0.072618,0.0745399,0.0705305,0.0733759,0.0772368,0.0831782,0.0827031,0.0855628,0.0948794,0,0
605,-0.165943,-0.0863533,0.0573466,0.0844738,0.00308863,0.0423193,0.0167228,0.0538882,0.0653796,0.054984,0.0526255,0.096182,0.100872,0.17295,0.27351,0.293129,0.357057,0.421095,0.476544,0.520493,0.598656,0.628152,0.647847,0.697594,0.778042,0.769186,0.690097,0.684468,0.733341,0.65362,0.494303,0.373382,0.299364,0.263045,0.246624,0.240018,0.205394,0.175808,0.158544,0.14494,0.139307,0.134123,0.130251,0.116609,0.107928,0.0992942,0.092913,0.0895585,0.0892203,0.081997,0.085884,0.0790378,0.0814198,0.0805878,0.0774458,0.0762536,0.0737629,0.0848944,0.0801671,0.0809337,0.0773852,0.0771309,0.0774199,0.0744148,0.0743818,0.0736732,0.0752277,0.0739414,0.076672,0.077042,0.0771021,0.0736277,0.0752291,0.0891428,0
610,0.802704,-0.0999193,-0.00247424,-0.12452,-0.156442,-0.0736336,0.0506331,0.0194504,0.0707638,0.0595283,0.104856,0.0690914,0.100172,0.142884,0.176429,0.3955,0.323568,0.396804,0.453445,0.485902,0.521588,0.588513,0.605205,0.637042,0.707353,0.706199,0.634154,0.634084,0.669943,0.622948,0.468721,0.352389,0.288179,0.25804,0.250364,0.232965,0.213648,0.175473,0.158271,0.141619,0.135268,0.132826,0.121536,0.111775,0.106073,0.0912548,0.0855663,0.0860902,0.0849537,0.0787931,0.0800536,0.0800352,0.0796483,0.0765585,0.0746913,0.0749616,0.0745633,0.0799309,0.0818618,0.0783048,0.073693,0.0760067,0.0743709,0.0748074,0.0742157,0.0762391,0.0766223,0.074304,0.0743604,0.0751433,0.0696349,0.0690458,0.0698936,0.0769433,0.0920234
615,-0.497979,0.0384406,-0.483077,-0.144701,0.00355651,-0.085108,0.0138877,-0.0190963,0.0340347,0.0545488,0.053961,0.0732281,0.0874443,0.146157,0.13741,0.315339,0.349383,0.362455,0.410145,0.441065,0.492596,0.524857,0.553699,0.58548,0.659225,0.646066,0.595758,0.59417,0.635642,0.583105,0.456088,0.352157,0.292877,0.261001,0.258066,0.245002,0.22102,0.186211,0.16642,0.15105,0.136409,0.126661,0.121267,0.111068,0.103109,0.0897862,0.0857837,0.0839805,0.0794873,0.0759547,0.0777191,0.0738251,0.0773905,0.0754853,0.0748548,0.0716212,0.0747633,0.0801602,0.0851469,0.0813719,0.07838,0.0776207,0.0757119,0.0754615,0.0824371,0.0785779,0.0825129,0.0791871,0.0773159,0.0761132,0.0741634,0.0695948,0.0658902,0.0711094,0.0813815
620,0.280437,-0.0736556,-0.141439,-0.243474,-0.123948,-0.0327593,0.0267475,0.0230041,0.0456056,0.0605755,0.0295872,0.0547226,0.0806337,0.118751,0.143026,0.19259,0.455424,0.329381,0.372851,0.397538,0.450329,0.503541,0.509367,0.566238,0.612092,0.621206,0.558024,0.566323,0.587998,0.568179,0.43998,0.347305,0.295874,0.257876,0.258674,0.250798,0.229692,0.20722,0.179548,0.15818,0.14394,0.127963,0.124114,0.106288,0.0980692,0.0860553,0.081451,0.0780008,0.0767644,0.0723597,0.0766082,0.0727063,0.0772917,0.0716394,0.0751127,0.0744466,0.0742282,0.07817,0.0837513,0.0826628,0.0799101,0.0792513,0.0776257,0.0844662,0.0829343,0.0834493,0.0826774,0.0801461,0.0852414,0.0783556,0.0776604,0.0686512,0.0726582,0.0716605,0.0715416
625,0.724053,-0.100418,-0.152745,-0.0268714,-0.21805,-0.0121353,0.120794,0.100488,0.00258666,0.0174475,0.0541121,0.0498388,0.0593395,0.129214,0.141258,0.169195,0.373675,0.361136,0.348697,0.371795,0.421819,0.452104,0.476866,0.526781,0.588864,0.595928,0.543076,0.52583,0.565359,0.533368,0.434415,0.346502,0.305127,0.285019,0.278763,0.268151,0.25546,0.236702,0.205788,0.177818,0.155421,0.146341,0.125954,0.110802,0.094343,0.0854629,0.0782841,0.0783138,0.0716439,0.072075,0.0724993,0.0727971,0.0752337,0.0776625,0.0832681,0.0775389,0.0774439,0.0810784,0.0797235,0.0825691,0.0897574,0.0899349,0.0855976,0.0834455,0.0826872,0.0829943,0.0852059,0.0839891,0.0885159,0.0878293,0.0770583,0.0767474,0.0748442,0.0701788,0.0760583
630,-0.349236,-0.937089,-0.502503,-0.047005,0.00195227,-0.0146015,-0.139356,0.0160899,0.00512204,-0.0165742,0.0177423,0.0431033,0.0850171,0.101751,0.116758,0.179632,0.24527,0.490123,0.344056,0.352929,0.408715,0.435732,0.449289,0.484136,0.532874,0.555983,0.529364,0.532164,0.561752,0.531518,0.447927,0.368043,0.332069,0.311773,0.300442,0.309977,0.298467,0.282971,0.266953,0.223799,0.19301,0.170705,0.142842,0.116289,0.094931,0.0817665,0.0783538,0.0757567,0.072981,0.0681165,0.0732722,0.0727909,0.0778438,0.0805012,0.0797455,0.0760577,0.0764194,0.0828293,0.0821929,0.0878231,0.0950074,0.0921155,0.0916274,0.087333,0.0886831,0.0902943,0.0955614,0.0891517,0.0994326,0.0939255,0.0863221,0.0858024,0.0783501,0.0788978,0.0838704
635,-0.846305,-0.528721,-0.292911,-0.428498,-0.401214,-0.0493156,-0.0720403,-0.113773,-0.0667873,-0.0585661,0.000755132,0.04396,0.0468849,0.0697335,0.133027,0.161447,0.218752,0.379144,0.416262,0.349891,0.378857,0.439955,0.430585,0.475321,0.514793,0.532262,0.515584,0.524691,0.570301,0.554293,0.479792,0.409144,0.359461,0.367811,0.383658,0.371664,0.372403,0.366156,0.343471,0.305241,0.250935,0.205872,0.172339,0.131502,0.109022,0.0880528,0.077269,0.0794803,0.0758094,0.0705276,0.0743699,0.0726315,0.0844909,0.0849526,0.0883206,0.0888967,0.0828635,0.0938138,0.0891508,0.0883417,0.0930263,0.110335,0.103891,0.100253,0.0950251,0.0974801,0.106958,0.0965353,0.109972,0.107797,0.105218,0.103892,0.0971895,0.0941338,0.0880916
640,-0.163942,-0.505839,-0.251005,-0.647677,-0.626691,-0.292973,-0.085726,-0.0759708,0.0520828,-0.0456483,-0.0106595,0.0720872,0.0245568,0.0907086,0.111264,0.133647,0.251137,0.275756,0.52631,0.346171,0.390609,0.412286,0.448446,0.452394,0.548862,0.545938,0.553905,0.550815,0.6018,0.619711,0.564926,0.491472,0.490335,0.511558,0.504019,0.51307,0.53567,0.53142,0.52339,0.460648,0.363265,0.291591,0.245091,0.178225,0.133946,0.100749,0.0873624,0.083764,0.0796186,0.0728326,0.0834,0.0777842,0.0890536,0.0986295,0.0904951,0.104857,0.121526,0.11762,0.10369,0.112813,0.104828,0.121144,0.122501,0.114505,0.105205,0.104263,0.11082,0.116324,0.118629,0.117237,0.114142,0.113509,0.117013,0.111151,0.117367
645,-0.527003,-1.05169,-1.22637,0.0346136,-0.419033,-0.361897,-0.130334,-0.025534,0.020296,0.0602742,0.000461976,0.0734938,0.0929049,0.121761,0.132652,0.180658,0.267452,0.303625,0.423481,0.494154,0.400879,0.468309,0.496275,0.52493,0.589421,0.611434,0.62607,0.674423,0.75444,0.761785,0.730867,0.71342,0.704348,0.74671,0.758863,0.792384,0.817684,0.830617,0.783663,0.695167,0.550107,0.449852,0.358613,0.254026,0.182659,0.132232,0.110172,0.100223,0.0892792,0.0856958,0.088894,0.0901551,0.103843,0.111458,0.128245,0.146275,0.155813,0.1375,0.138895,0.124913,0.147274,0.15298,0.156429,0.142208,0.126396,0.127285,0.141303,0.144357,0.142414,0.132556,0.138978,0.134935,0.135939,0.144077,0.155358
650,-0.576824,-0.241319,-0.214793,-0.586245,-0.124397,-0.47487,-0.338508,-0.177611,-0.0435233,-0.0426449,0.1028,0.0779841,0.0340998,0.154831,0.15345,0.222149,0.321992,0.406027,0.505664,0.768731,0.596811,0.551826,0.595334,0.673916,0.732094,0.778908,0.894342,1.00461,1.09665,1.17247,1.19729,1.187,1.24935,1.36097,1.39231,1.48218,1.54594,1.5848,1.44835,1.19209,0.94753,0.83613,0.707381,0.464991,0.325874,0.223012,0.17413,0.156755,0.128012,0.124864,0.127662,0.127348,0.143273,0.166434,0.218136,0.242995,0.250115,0.24152,0.209,0.204956,0.240424,0.262542,0.249467,0.213859,0.187768,0.186499,0.191293,0.174421,0.178098,0.159112,0.158925,0.158551,0.178092,0.192783,0.232689
655,-0.154078,-0.501394,-0.963172,-0.721946,-0.410936,-0.474752,-0.352808,-0.195282,0.0291111,0.0106342,0.0390838,0.0727762,0.196756,0.219868,0.250071,0.420464,0.607729,0.740902,0.846981,0.994944,1.02432,0.993375,1.13697,1.18475,1.35078,1.55408,1.74134,1.99024,2.29388,2.52116,2.6143,2.74796,2.97994,3.30227,3.46303,3.57015,3.89521,3.94025,3.51292,2.73985,2.02892,1.71414,1.47747,0.981834,0.674932,0.464639,0.323863,0.254397,0.242027,0.228081,0.236104,0.235745,0.274029,0.345495,0.480818,0.587554,0.599504,0.531686,0.436489,0.405175,0.444057,0.601297,0.547289,0.406402,0.342408,0.318067,0.319651,0.304613,0.272689,0.230502,0.216825,0.218774,0.269929,0.33035,0.423041
660,0.104554,-2.15327,-0.0406626,-0.924947,-0.0660748,-0.0769649,-0.110655,0.383889,0.337145,0.337604,0.208808,0.497099,0.502487,0.611546,0.649085,0.898779,1.28787,1.69436,1.93669,2.11144,2.48209,2.31259,2.46683,2.76568,3.10801,3.72138,4.38254,5.12063,5.86478,6.56606,7.05623,7.47844,8.32625,9.22761,9.75225,10.1084,10.9754,11.2041,9.80094,7.18838,4.86908,3.51576,2.741,1.79284,1.22459,0.872136,0.645633,0.575975,0.570986,0.541179,0.550307,0.522519,0.630942,0.875122,1.25533,1.55892,1.60323,1.34325,1.01027,0.892139,1.06351,1.47499,1.36175,0.927108,0.69032,0.655217,0.653431,0.636614,0.539544,0.453064,0.384691,0.411641,0.466361,0.621701,0.911864
665,-1.96466,0.986199,-0.299565,-0.299198,-0.0181062,-0.196597,0.258506,0.866787,0.976482,1.03133,0.95314,1.07645,1.19058,1.43612,1.70835,2.12878,3.19033,4.07891,4.73112,5.18761,5.55665,5.60104,5.95443,6.7551,7.93509,9.30456,11.0106,13.1639,15.1208,17.0009,18.4521,19.7688,22.1772,24.7869,25.9168,26.739,29.0784,29.9297,26.1923,18.6694,11.6595,6.99103,4.58439,2.82192,1.96723,1.46469,1.23993,1.25487,1.32051,1.31228,1.31534,1.23928,1.46044,2.18405,3.2031,4.03557,4.30066,3.37418,2.40492,2.06626,2.45913,3.57732,3.36841,2.08422,1.50428,1.39973,1.46844,1.37876,1.16878,0.9362,0.835574,0.835689,0.954563,1.26571,2.0097
670,-1.73282,-1.62739,-1.7533,-0.775034,-0.049704,0.972972,1.80278,1.71288,2.04848,2.20023,2.25753,2.10856,2.40246,2.83825,3.46019,4.70438,6.65862,8.46159,9.83082,10.7211,10.9165,11.4522,12.2296,13.866,16.1213,19.3412,22.832,27.2892,32.0828,35.9597,38.9128,41.7378,46.523,52.4253,55.1634,56.9045,61.5692,63.2401,55.4462,39.2676,23.8661,13.0671,7.41946,4.31573,3.08096,2.3732,2.24328,2.49873,2.71324,2.70595,2.63926,2.49319,3.01652,4.55829,6.69907,8.38758,9.06563,7.05579,4.82981,4.07049,4.8882,7.27207,6.87755,4.19963,2.86077,2.63749,2.80757,2.68526,2.29562,1.88843,1.59596,1.6103,1.75831,2.36534,3.74196
675,2.93089,1.91642,1.95282,-0.788231,0.198101,1.19372,1.89135,2.79781,2.90051,3.00718,3.01251,2.93062,3.54325,4.34045,5.14792,6.71092,9.6328,12.4971,14.19,15.6164,15.9572,16.6339,18.2335,20.3339,23.9563,28.0024,33.7123,40.0147,47.0291,53.1888,57.458,61.7903,68.76,77.464,81.4773,83.7862,90.7772,93.6609,82.1596,58.6611,35.4812,18.9854,10.2129,5.71824,4.04043,3.19901,3.12371,3.58866,3.97244,3.92953,3.89477,3.67438,4.46828,6.60633,9.86308,12.4026,13.3056,10.5009,7.17767,5.91032,7.17702,10.5509,10.1841,6.32008,4.23353,3.87304,4.05568,3.90634,3.36427,2.68926,2.26315,2.22372,2.4526,3.27394,5.18662
680,-1.48957,0.894991,-0.59344,-1.52935,0.210274,0.989055,1.96237,2.33792,2.7611,2.80534,2.83995,3.05446,3.32595,4.37108,4.94506,6.39172,9.62107,12.0586,14.094,15.3738,15.7933,16.3114,18.1474,20.2423,23.8095,27.8513,33.4704,39.7078,46.7673,52.303,57.3126,61.3503,68.2296,76.6262,80.9579,83.2163,89.5834,92.5677,82.227,58.9733,36.4756,19.8389,10.4498,5.85968,4.06284,3.18284,3.09341,3.5391,3.92178,3.93331,3.90008,3.67295,4.43598,6.53687,9.74441,12.2121,13.3003,10.6871,7.42221,6.08429,7.08824,10.4262,10.2301,6.69161,4.4916,3.97139,4.05114,3.95592,3.37255,2.73293,2.3128,2.21883,2.42938,3.14224,4.99094
685,-7.10387,-3.58964,-0.762702,-1.54549,0.467512,0.770225,0.631941,1.5042,1.71737,2.02131,1.77774,1.89756,2.15232,2.78294,3.52331,4.50655,6.68916,8.29593,9.74477,10.8355,11.5162,11.8391,12.8921,14.6116,16.5236,19.645,23.5705,28.1411,32.659,37.0093,40.1375,43.2241,48.0246,53.7144,56.6086,58.5439,62.4842,64.6623,58.1525,42.6302,27.0168,15.0791,8.14283,4.58479,3.03826,2.3691,2.24644,2.5155,2.78555,2.80218,2.84874,2.57706,3.11048,4.5475,6.72749,8.56246,9.43544,7.74746,5.55218,4.44127,5.08073,7.35293,7.34699,5.08243,3.54669,3.11441,3.07482,2.94693,2.50058,2.06182,1.65661,1.60693,1.71176,2.21904,3.42697
690,-4.49167,-5.62051,-2.09874,-1.63376,-2.1214,-0.161168,0.69578,1.0101,0.607615,0.857129,0.999244,0.891752,1.30782,1.76033,1.98371,2.68373,3.75946,5.03543,5.85824,6.64172,6.85439,7.05018,7.62494,9.00751,9.98874,11.829,14.0907,16.6308,19.5769,22.2102,24.448,26.0645,28.9995,32.3196,34.0669,35.0434,37.5815,38.9094,35.3282,26.3675,17.0548,9.87122,5.54999,3.13454,2.03828,1.51969,1.40187,1.56585,1.65838,1.73789,1.75643,1.64813,1.95083,2.78718,4.09505,5.1414,5.63023,4.75067,3.46416,2.87347,3.09614,4.41139,4.46681,3.25264,2.34948,2.05492,2.00939,1.86541,1.61356,1.33871,1.14065,1.04769,1.0787,1.37718,2.04384
695,-1.05367,-5.4641,-0.184818,-4.74254,-1.21326,-1.13309,0.312176,-0.0805018,0.664747,0.206937,0.189024,0.438469,0.643789,0.974198,1.23642,1.95751,2.50362,3.24071,3.83034,4.03165,4.37813,4.56303,4.95591,5.62884,6.5132,7.5762,8.7915,10.4176,12.4611,13.9412,15.2687,16.38,18.129,20.2435,21.2742,21.8908,23.5841,24.6019,22.24,16.7738,11.0692,6.58389,3.82447,2.11072,1.3772,1.01871,0.922285,0.987347,1.06461,1.06799,1.13505,1.12822,1.22753,1.76888,2.56951,3.34906,3.49576,3.08107,2.29312,1.85663,2.04495,2.81255,2.8237,2.0953,1.60516,1.4123,1.32023,1.21438,1.09671,0.882779,0.75463,0.652837,0.709522,0.90249,1.35601
700,-6.0441,-7.64173,-5.75385,-4.11586,-2.15169,-0.663863,-0.812667,0.292363,-0.79095,0.133007,0.13281,0.239252,0.32731,0.697163,0.93756,1.23504,1.62755,2.46761,2.74517,2.91864,3.14281,3.25071,3.67077,3.80693,4.96746,5.4727,6.45803,7.71083,8.98213,10.1099,10.9622,11.8151,13.1146,14.5509,15.5756,15.8966,16.9165,17.5295,16.0277,12.0207,7.82529,4.69642,2.85064,1.65722,1.0646,0.782065,0.634723,0.743095,0.822135,0.811299,0.871834,0.815476,0.971834,1.26858,1.88371,2.33772,2.62355,2.1118,1.7,1.41477,1.611,2.03577,2.04075,1.55016,1.1513,0.951504,0.994373,0.881792,0.723265,0.656936,0.544871,0.548453,0.528862,0.659129,1.02576
